benchmark,duration_ns,uptime_ns,vm_start_unix_ms
als,5107027554,5304213981,1698222608790
als,1720411398,10461839173,1698222608790
als,1688246697,12219271359,1698222608790
als,1617965890,13949516718,1698222608790
als,1549290329,15606809714,1698222608790
als,1446179986,17191252031,1698222608790
als,1504162180,18672274054,1698222608790
als,1510248915,20213860186,1698222608790
als,1464161975,21764716022,1698222608790
als,1521796880,23263793224,1698222608790
als,1408362893,24824647724,1698222608790
als,1411775694,26273795201,1698222608790
als,1456313884,27719329270,1698222608790
als,1422306511,29210874534,1698222608790
als,1383529305,30674409618,1698222608790
als,1410480411,32091805016,1698222608790
als,1386632397,33539821539,1698222608790
als,1601290303,34966643445,1698222608790
als,1463431036,36613347083,1698222608790
als,1411583934,38113998314,1698222608790
als,1406358007,39562052445,1698222608790
als,1511650453,41005897869,1698222608790
als,1427289058,42556869812,1698222608790
als,1410217829,44026856936,1698222608790
als,1510764580,45471669182,1698222608790
als,1423872358,47024318945,1698222608790
als,1434072188,48485564053,1698222608790
als,1458464877,49957944464,1698222608790
als,1441514020,51453738126,1698222608790
als,1443783825,52938974413,1698222608790
